{"loss": 0.008256351575255394, "lr": 0.0001, "_timestamp": 1714037125.4884198, "_runtime": 76.4585177898407, "_step": 1, "_wandb": {"runtime": 81}}