{"loss": 0.1347516030073166, "lr": 0.0001, "_timestamp": 1714036803.7677982, "_runtime": 60.49903106689453, "_step": 1, "_wandb": {"runtime": 66}}