{"loss": 0.01915638893842697, "lr": 0.0001, "_timestamp": 1714036948.4690506, "_runtime": 75.21982264518738, "_step": 2, "_wandb": {"runtime": 75}}