{"loss": 0.3370814025402069, "lr": 0.0001, "_timestamp": 1714038009.474422, "_runtime": 70.22238993644714, "_step": 2, "_wandb": {"runtime": 71}}