{"loss": 0.05029350891709328, "lr": 0.0001, "_timestamp": 1721917486.586013, "_runtime": 145.95972609519958, "_step": 1, "_wandb": {"runtime": 152}}