{"loss": 0.0052717579528689384, "lr": 0.0001, "_timestamp": 1721914841.0805504, "_runtime": 63.06248140335083, "_step": 2, "_wandb": {"runtime": 65}}