{"loss": 0.16662029922008514, "lr": 0.0001, "_timestamp": 1721913575.0289414, "_runtime": 160.50395941734314, "_step": 2, "_wandb": {"runtime": 165}}